0,0,0,41.942001,68.980003
0,0,1,41.259605,69.811707
0,0,2,40.588753,70.652374
0,0,3,39.929607,71.501953
0,0,4,39.282337,72.360405
0,0,5,38.647114,73.227669
0,0,6,38.024109,74.103714
0,0,7,37.413490,74.988480
0,0,8,36.815430,75.881920
0,0,9,36.230091,76.783989
0,0,10,35.657654,77.694649
0,0,11,35.098278,78.613838
0,0,12,34.552139,79.541519
0,0,13,34.019402,80.477646
0,0,14,33.500244,81.422157
0,0,15,32.994827,82.375023
0,0,16,32.503326,83.336182
0,0,17,32.025906,84.305603
0,0,18,31.562742,85.283218
0,0,19,31.114000,86.268997
0,0,20,30.733664,87.139114
0,0,21,30.364738,88.018272
0,0,22,30.007259,88.906158
0,0,23,29.661261,89.802490
0,0,24,29.326777,90.706963
0,0,25,29.003839,91.619270
0,0,26,28.692482,92.539124
0,0,27,28.392742,93.466225
0,0,28,28.104649,94.400276
0,0,29,27.828239,95.340973
0,0,30,27.563545,96.288017
0,0,31,27.310600,97.241119
0,0,32,27.069439,98.199966
0,0,33,26.840096,99.164276
0,0,34,26.622604,100.133743
0,0,35,26.416996,101.108063
0,0,36,26.223307,102.086945
0,0,37,26.041571,103.070091
0,0,38,25.871820,104.057198
0,0,39,25.714088,105.047966
0,0,40,25.568413,106.042107
0,0,41,25.434822,107.039314
0,0,42,25.313353,108.039291
0,0,43,25.204037,109.041733
0,0,44,25.106911,110.046356
0,0,45,25.022007,111.052849
0,0,46,24.949360,112.060921
0,0,47,24.889000,113.070267
0,0,48,24.840965,114.080597
0,0,49,24.805286,115.091606
0,0,50,24.782000,116.102997
0,0,51,24.771137,117.114479
0,0,52,24.772734,118.125740
0,0,53,24.786819,119.136490
0,0,54,24.813435,120.146423
0,0,55,24.852606,121.155258
0,0,56,24.904373,122.162682
0,0,57,24.968765,123.168396
0,0,58,25.045820,124.172104
0,0,59,25.135567,125.173515
0,0,60,25.238045,126.172325
0,0,61,25.353283,127.168228
0,0,62,25.481316,128.160934
0,0,63,25.622179,129.150162
0,0,64,25.775906,130.135574
0,0,65,25.942530,131.116898
0,0,66,26.122084,132.093842
0,0,67,26.314602,133.066086
0,0,68,26.520117,134.033340
0,0,69,26.738665,134.995316
0,0,70,26.970278,135.951691
0,0,71,27.214991,136.902206
0,0,72,27.472837,137.846527
0,0,73,27.743849,138.784363
0,0,74,28.028063,139.715424
0,0,75,28.325510,140.639404
0,0,76,28.636225,141.556015
0,0,77,28.960241,142.464951
0,0,78,29.297594,143.365921
0,0,79,29.648315,144.258621
0,0,80,30.012440,145.142746
0,0,81,30.389999,146.018005
0,0,82,30.856201,147.053558
0,0,83,31.336695,148.079666
0,0,84,31.831312,149.096283
0,0,85,32.339890,150.103333
0,0,86,32.862255,151.100754
0,0,87,33.398251,152.088501
0,0,88,33.947701,153.066483
0,0,89,34.510445,154.034668
0,0,90,35.086311,154.992966
0,0,91,35.675140,155.941330
0,0,92,36.276756,156.879700
0,0,93,36.890999,157.807999
1,0,0,176.500000,67.500000
1,0,1,175.903122,66.628571
1,0,2,175.299118,65.762268
1,0,3,174.687759,64.901573
1,0,4,174.068787,64.046967
1,0,5,173.441986,63.198914
1,0,6,172.807114,62.357895
1,0,7,172.163925,61.524391
1,0,8,171.512192,60.698872
1,0,9,170.851654,59.881813
1,0,10,170.182098,59.073696
1,0,11,169.503265,58.274990
1,0,12,168.814926,57.486176
1,0,13,168.116852,56.707726
1,0,14,167.408783,55.940117
1,0,15,166.690506,55.183823
1,0,16,165.961761,54.439323
1,0,17,165.222321,53.707092
1,0,18,164.471939,52.987606
1,0,19,163.710373,52.281338
1,0,20,162.937408,51.588768
1,0,21,162.152786,50.910370
1,0,22,161.356277,50.246616
1,0,23,160.547623,49.597988
1,0,24,159.726624,48.964954
1,0,25,158.893005,48.348000
1,0,26,158.173767,47.834637
1,0,27,157.447800,47.332146
1,0,28,156.715225,46.840492
1,0,29,155.976151,46.359650
1,0,30,155.230682,45.889587
1,0,31,154.478928,45.430275
1,0,32,153.721008,44.981686
1,0,33,152.957031,44.543789
1,0,34,152.187088,44.116554
1,0,35,151.411316,43.699951
1,0,36,150.629807,43.293949
1,0,37,149.842667,42.898525
1,0,38,149.050018,42.513641
1,0,39,148.251968,42.139275
1,0,40,147.448608,41.775391
1,0,41,146.640076,41.421959
1,0,42,145.826477,41.078957
1,0,43,145.007904,40.746346
1,0,44,144.184479,40.424103
1,0,45,143.356308,40.112198
1,0,46,142.523499,39.810600
1,0,47,141.686172,39.519276
1,0,48,140.844421,39.238201
1,0,49,139.998367,38.967346
1,0,50,139.148117,38.706676
1,0,51,138.293793,38.456165
1,0,52,137.435471,38.215786
1,0,53,136.573303,37.985504
1,0,54,135.707367,37.765293
1,0,55,134.837784,37.555122
1,0,56,133.964661,37.354961
1,0,57,133.088104,37.164780
1,0,58,132.208252,36.984550
1,0,59,131.325165,36.814243
1,0,60,130.438995,36.653828
1,0,61,129.549835,36.503277
1,0,62,128.657806,36.362556
1,0,63,127.762993,36.231640
1,0,64,126.865532,36.110497
1,0,65,125.965515,35.999096
1,0,66,125.063057,35.897411
1,0,67,124.158272,35.805412
1,0,68,123.251266,35.723064
1,0,69,122.342155,35.650345
1,0,70,121.431038,35.587223
1,0,71,120.518036,35.533665
1,0,72,119.603249,35.489643
1,0,73,118.686798,35.455128
1,0,74,117.768776,35.430092
1,0,75,116.849312,35.414505
1,0,76,115.928497,35.408333
1,0,77,115.006454,35.411549
1,0,78,114.083290,35.424126
1,0,79,113.159119,35.446033
1,0,80,112.234039,35.477238
1,0,81,111.308167,35.517712
1,0,82,110.381615,35.567429
1,0,83,109.454491,35.626354
1,0,84,108.526901,35.694462
1,0,85,107.598953,35.771721
1,0,86,106.670769,35.858101
1,0,87,105.742447,35.953575
1,0,88,104.814110,36.058109
1,0,89,103.885849,36.171677
1,0,90,102.957787,36.294250
1,0,91,102.030029,36.425797
1,0,92,101.102684,36.566288
1,0,93,100.175873,36.715691
1,0,94,99.249687,36.873981
1,0,95,98.324249,37.041126
1,0,96,97.399666,37.217094
1,0,97,96.476051,37.401863
1,0,98,95.553505,37.595394
1,0,99,94.632141,37.797665
1,0,100,93.712074,38.008640
1,0,101,92.793411,38.228294
1,0,102,91.876259,38.456596
1,0,103,90.960732,38.693520
1,0,104,90.046936,38.939030
1,0,105,89.134979,39.193096
1,0,106,88.224983,39.455692
1,0,107,87.317047,39.726791
1,0,108,86.411278,40.006359
1,0,109,85.507790,40.294369
1,0,110,84.606697,40.590786
1,0,111,83.708107,40.895588
1,0,112,82.812126,41.208740
1,0,113,81.918869,41.530216
1,0,114,81.028435,41.859982
1,0,115,80.140945,42.198013
1,0,116,79.256508,42.544273
1,0,117,78.375229,42.898743
1,0,118,77.497223,43.261383
1,0,119,76.622589,43.632168
1,0,120,75.751450,44.011066
1,0,121,74.883911,44.398052
1,0,122,74.020081,44.793091
1,0,123,73.160065,45.196159
1,0,124,72.303978,45.607220
1,0,125,71.451935,46.026249
1,0,126,70.604034,46.453217
1,0,127,69.760399,46.888092
1,0,128,68.921127,47.330841
1,0,129,68.086334,47.781441
1,0,130,67.256126,48.239861
1,0,131,66.430618,48.706066
1,0,132,65.609909,49.180031
1,0,133,64.794128,49.661728
1,0,134,63.983368,50.151123
1,0,135,63.177742,50.648190
1,0,136,62.377365,51.152897
1,0,137,61.582344,51.665215
1,0,138,60.792789,52.185116
1,0,139,60.008808,52.712566
1,0,140,59.230515,53.247543
1,0,141,58.458012,53.790009
1,0,142,57.691418,54.339939
1,0,143,56.930840,54.897301
1,0,144,56.176380,55.462070
1,0,145,55.428162,56.034210
1,0,146,54.686283,56.613697
1,0,147,53.950859,57.200497
1,0,148,53.222000,57.794582
1,0,149,52.499813,58.395924
1,0,150,51.784409,59.004494
1,0,151,51.075897,59.620258
1,0,152,50.374390,60.243187
1,0,153,49.679996,60.873257
1,0,154,48.992821,61.510433
1,0,155,48.312981,62.154686
1,0,156,47.640583,62.805988
1,0,157,46.975735,63.464310
1,0,158,46.318550,64.129623
1,0,159,45.669136,64.801888
1,0,160,45.027603,65.481087
1,0,161,44.394062,66.167191
1,0,162,43.768620,66.860161
1,0,163,43.151390,67.559975
1,0,164,42.542480,68.266594
1,0,165,41.942001,68.980003
2,0,0,36.890999,157.807999
2,0,1,37.378651,158.524796
2,0,2,37.873814,159.235413
2,0,3,38.376423,159.939819
2,0,4,38.886398,160.637985
2,0,5,39.403660,161.329895
2,0,6,39.928135,162.015488
2,0,7,40.459747,162.694763
2,0,8,40.998421,163.367691
2,0,9,41.544079,164.034241
2,0,10,42.096642,164.694366
2,0,11,42.656040,165.348053
2,0,12,43.222195,165.995270
2,0,13,43.795025,166.635971
2,0,14,44.374462,167.270157
2,0,15,44.960426,167.897797
2,0,16,45.552841,168.518829
2,0,17,46.151630,169.133255
2,0,18,46.756721,169.741043
2,0,19,47.368031,170.342148
2,0,20,47.985489,170.936539
2,0,21,48.609016,171.524216
2,0,22,49.238537,172.105118
2,0,23,49.873978,172.679230
2,0,24,50.515259,173.246536
2,0,25,51.162308,173.806976
2,0,26,51.815044,174.360550
2,0,27,52.473392,174.907211
2,0,28,53.137280,175.446945
2,0,29,53.806625,175.979706
2,0,30,54.481358,176.505463
2,0,31,55.161400,177.024216
2,0,32,55.846672,177.535904
2,0,33,56.537098,178.040512
2,0,34,57.232609,178.538010
2,0,35,57.933121,179.028381
2,0,36,58.638561,179.511566
2,0,37,59.348850,179.987564
2,0,38,60.063919,180.456329
2,0,39,60.783684,180.917847
2,0,40,61.508072,181.372070
2,0,41,62.237007,181.818985
2,0,42,62.970409,182.258560
2,0,43,63.708210,182.690750
2,0,44,64.450325,183.115555
2,0,45,65.196686,183.532913
2,0,46,65.947212,183.942825
2,0,47,66.701828,184.345245
2,0,48,67.460457,184.740143
2,0,49,68.223022,185.127502
2,0,50,68.989449,185.507278
2,0,51,69.759659,185.879456
2,0,52,70.533577,186.244003
2,0,53,71.311127,186.600876
2,0,54,72.092239,186.950073
2,0,55,72.876823,187.291534
2,0,56,73.664818,187.625244
2,0,57,74.456139,187.951187
2,0,58,75.250710,188.269318
2,0,59,76.048454,188.579605
2,0,60,76.849304,188.882034
2,0,61,77.653175,189.176559
2,0,62,78.459991,189.463165
2,0,63,79.269676,189.741821
2,0,64,80.082161,190.012497
2,0,65,80.897354,190.275146
2,0,66,81.715202,190.529770
2,0,67,82.535606,190.776321
2,0,68,83.358505,191.014771
2,0,69,84.183815,191.245087
2,0,70,85.011467,191.467255
2,0,71,85.841370,191.681229
2,0,72,86.673470,191.886993
2,0,73,87.507668,192.084518
2,0,74,88.343910,192.273758
2,0,75,89.182098,192.454712
2,0,76,90.022171,192.627319
2,0,77,90.864052,192.791565
2,0,78,91.707657,192.947433
2,0,79,92.552910,193.094879
2,0,80,93.399742,193.233871
2,0,81,94.248077,193.364395
2,0,82,95.097832,193.486404
2,0,83,95.948936,193.599884
2,0,84,96.801308,193.704803
2,0,85,97.654877,193.801132
2,0,86,98.509560,193.888824
2,0,87,99.365288,193.967880
2,0,88,100.221985,194.038239
2,0,89,101.079567,194.099899
2,0,90,101.937965,194.152832
2,0,91,102.797104,194.196976
2,0,92,103.656898,194.232330
2,0,93,104.517281,194.258865
2,0,94,105.378174,194.276550
2,0,95,106.239502,194.285339
2,0,96,107.101181,194.285217
2,0,97,107.963142,194.276154
2,0,98,108.825310,194.258133
2,0,99,109.687607,194.231094
2,0,100,110.549950,194.195038
2,0,101,111.412277,194.149918
2,0,102,112.274498,194.095718
2,0,103,113.136543,194.032394
2,0,104,113.998337,193.959915
2,0,105,114.859795,193.878281
2,0,106,115.720856,193.787430
2,0,107,116.581436,193.687363
2,0,108,117.441452,193.578018
2,0,109,118.300842,193.459396
2,0,110,119.159515,193.331436
2,0,111,120.017410,193.194138
2,0,112,120.874435,193.047470
2,0,113,121.730522,192.891388
2,0,114,122.585602,192.725861
2,0,115,123.439583,192.550873
2,0,116,124.292404,192.366394
2,0,117,125.143974,192.172394
2,0,118,125.994232,191.968842
2,0,119,126.843094,191.755707
2,0,120,127.690483,191.532959
2,0,121,128.536316,191.300583
2,0,122,129.380539,191.058533
2,0,123,130.223053,190.806778
2,0,124,131.063797,190.545303
2,0,125,131.902679,190.274063
2,0,126,132.739639,189.993042
2,0,127,133.574600,189.702209
2,0,128,134.407471,189.401535
2,0,129,135.238190,189.090988
2,0,130,136.066666,188.770538
2,0,131,136.892838,188.440170
2,0,132,137.716629,188.099823
2,0,133,138.537949,187.749496
2,0,134,139.356735,187.389160
2,0,135,140.172913,187.018768
2,0,136,140.986389,186.638306
2,0,137,141.797104,186.247742
2,0,138,142.604980,185.847031
2,0,139,143.409927,185.436157
2,0,140,144.211884,185.015106
2,0,141,145.010773,184.583832
2,0,142,145.806519,184.142303
2,0,143,146.599030,183.690491
2,0,144,147.388245,183.228378
2,0,145,148.174088,182.755920
2,0,146,148.956467,182.273102
2,0,147,149.735336,181.779892
2,0,148,150.510590,181.276245
2,0,149,151.282166,180.762161
2,0,150,152.049973,180.237579
2,0,151,152.813965,179.702499
2,0,152,153.574036,179.156876
2,0,153,154.330124,178.600677
2,0,154,155.082138,178.033875
2,0,155,155.830032,177.456451
2,0,156,156.573700,176.868378
2,0,157,157.313095,176.269608
2,0,158,158.048111,175.660126
2,0,159,158.778687,175.039902
2,0,160,159.504745,174.408905
2,0,161,160.226196,173.767105
2,0,162,160.942993,173.114471
2,0,163,161.655029,172.450974
2,0,164,162.362244,171.776596
2,0,165,163.064575,171.091293
2,0,166,163.761917,170.395050
2,0,167,164.454208,169.687820
2,0,168,165.141357,168.969589
2,0,169,165.823318,168.240326
2,0,170,166.500000,167.500000
3,0,0,42.964001,70.030998
3,0,1,43.495316,70.639076
3,0,2,44.038574,71.211052
3,0,3,44.593300,71.748413
3,0,4,45.159035,72.252625
3,0,5,45.735313,72.725159
3,0,6,46.321671,73.167496
3,0,7,46.917641,73.581100
3,0,8,47.522755,73.967445
3,0,9,48.136555,74.328011
3,0,10,48.758572,74.664261
3,0,11,49.388344,74.977676
3,0,12,50.025402,75.269730
3,0,13,50.669281,75.541885
3,0,14,51.319519,75.795624
3,0,15,51.975651,76.032417
3,0,16,52.637211,76.253738
3,0,17,53.303734,76.461060
3,0,18,53.974754,76.655853
3,0,19,54.649807,76.839592
3,0,20,55.328426,77.013748
3,0,21,56.010151,77.179802
3,0,22,56.694511,77.339211
3,0,23,57.381046,77.493462
3,0,24,58.069290,77.644028
3,0,25,58.758774,77.792374
3,0,26,59.449039,77.939972
3,0,27,60.139614,78.088303
3,0,28,60.830040,78.238838
3,0,29,61.519848,78.393044
3,0,30,62.208572,78.552399
3,0,31,62.895748,78.718376
3,0,32,63.580917,78.892448
3,0,33,64.263603,79.076080
3,0,34,64.943352,79.270760
3,0,35,65.619698,79.477951
3,0,36,66.292160,79.699127
3,0,37,66.960297,79.935760
3,0,38,67.623627,80.189323
3,0,39,68.281685,80.461296
3,0,40,68.934021,80.753143
3,0,41,69.580154,81.066345
3,0,42,70.219627,81.402367
3,0,43,70.851974,81.762680
3,0,44,71.476723,82.148766
3,0,45,72.093422,82.562096
3,0,46,72.701599,83.004143
3,0,47,73.300789,83.476372
3,0,48,73.890518,83.980263
3,0,49,74.470345,84.517288
3,0,50,75.039780,85.088921
3,0,51,75.598373,85.696640
3,0,52,76.145653,86.341904
3,0,53,76.681152,87.026192
3,0,54,77.204414,87.750984
3,0,55,77.714966,88.517746
3,0,56,78.212349,89.327950
3,0,57,78.696098,90.183075
3,0,58,79.165741,91.084587
3,0,59,79.620819,92.033966
3,0,60,80.060860,93.032677
3,0,61,80.485413,94.082199
3,0,62,80.893997,95.183998
3,0,63,81.164032,95.997932
3,0,64,81.408592,96.843506
3,0,65,81.628288,97.718903
3,0,66,81.823730,98.622314
3,0,67,81.995537,99.551918
3,0,68,82.144318,100.505913
3,0,69,82.270691,101.482483
3,0,70,82.375252,102.479813
3,0,71,82.458626,103.496086
3,0,72,82.521431,104.529503
3,0,73,82.564262,105.578239
3,0,74,82.587738,106.640488
3,0,75,82.592476,107.714432
3,0,76,82.579086,108.798264
3,0,77,82.548172,109.890175
3,0,78,82.500359,110.988335
3,0,79,82.436249,112.090950
3,0,80,82.356461,113.196205
3,0,81,82.261597,114.302277
3,0,82,82.152283,115.407356
3,0,83,82.029121,116.509644
3,0,84,81.892723,117.607307
3,0,85,81.743706,118.698547
3,0,86,81.582680,119.781548
3,0,87,81.410263,120.854492
3,0,88,81.227051,121.915573
3,0,89,81.033669,122.962982
3,0,90,80.830727,123.994896
3,0,91,80.618835,125.009506
3,0,92,80.398613,126.005005
3,0,93,80.170662,126.979576
3,0,94,79.935593,127.931404
3,0,95,79.694031,128.858673
3,0,96,79.446571,129.759583
3,0,97,79.193840,130.632324
3,0,98,78.936447,131.475067
3,0,99,78.675003,132.285995
3,0,100,78.292953,133.392593
3,0,101,77.897446,134.448730
3,0,102,77.488770,135.455765
3,0,103,77.067200,136.414978
3,0,104,76.633018,137.327713
3,0,105,76.186493,138.195282
3,0,106,75.727913,139.018997
3,0,107,75.257553,139.800171
3,0,108,74.775696,140.540131
3,0,109,74.282608,141.240173
3,0,110,73.778587,141.901642
3,0,111,73.263901,142.525848
3,0,112,72.738823,143.114105
3,0,113,72.203644,143.667725
3,0,114,71.658638,144.188034
3,0,115,71.104080,144.676331
3,0,116,70.540260,145.133957
3,0,117,69.967445,145.562210
3,0,118,69.385918,145.962433
3,0,119,68.795952,146.335907
3,0,120,68.197838,146.683975
3,0,121,67.591850,147.007950
3,0,122,66.978264,147.309143
3,0,123,66.357361,147.588882
3,0,124,65.729416,147.848465
3,0,125,65.094711,148.089233
3,0,126,64.453529,148.312485
3,0,127,63.806141,148.519547
3,0,128,63.152832,148.711731
3,0,129,62.493877,148.890350
3,0,130,61.829556,149.056747
3,0,131,61.160149,149.212204
3,0,132,60.485935,149.358063
3,0,133,59.807190,149.495621
3,0,134,59.124195,149.626221
3,0,135,58.437229,149.751160
3,0,136,57.746571,149.871750
3,0,137,57.052494,149.989334
3,0,138,56.355289,150.105209
3,0,139,55.655224,150.220703
3,0,140,54.952583,150.337112
3,0,141,54.247643,150.455780
3,0,142,53.540684,150.578018
3,0,143,52.831982,150.705124
3,0,144,52.121822,150.838440
3,0,145,51.410477,150.979263
3,0,146,50.698227,151.128937
3,0,147,49.985352,151.288742
3,0,148,49.272129,151.460037
3,0,149,48.558842,151.644104
3,0,150,47.845764,151.842270
3,0,151,47.133175,152.055862
3,0,152,46.421356,152.286179
3,0,153,45.710587,152.534561
3,0,154,45.001141,152.802307
3,0,155,44.293301,153.090744
3,0,156,43.587345,153.401199
3,0,157,42.883556,153.734955
3,0,158,42.182205,154.093369
3,0,159,41.483574,154.477737
3,0,160,40.787945,154.889374
3,0,161,40.095596,155.329590
3,0,162,39.406799,155.799728
3,0,163,38.721844,156.301102
3,0,164,38.041000,156.835007
3,0,165,36.891000,157.808000
4,0,0,166.500000,167.500000
4,0,1,167.277603,166.542801
4,0,2,168.040970,165.592285
4,0,3,168.790146,164.648224
4,0,4,169.525192,163.710373
4,0,5,170.246185,162.778519
4,0,6,170.953171,161.852417
4,0,7,171.646210,160.931839
4,0,8,172.325378,160.016541
4,0,9,172.990707,159.106293
4,0,10,173.642273,158.200867
4,0,11,174.280136,157.300018
4,0,12,174.904343,156.403534
4,0,13,175.514984,155.511154
4,0,14,176.112076,154.622650
4,0,15,176.695724,153.737808
4,0,16,177.265945,152.856369
4,0,17,177.822830,151.978119
4,0,18,178.366425,151.102798
4,0,19,178.896790,150.230209
4,0,20,179.414001,149.360092
4,0,21,179.918091,148.492218
4,0,22,180.409134,147.626358
4,0,23,180.887192,146.762283
4,0,24,181.352310,145.899734
4,0,25,181.804581,145.038513
4,0,26,182.244019,144.178360
4,0,27,182.670715,143.319046
4,0,28,183.084732,142.460342
4,0,29,183.486115,141.602005
4,0,30,183.874924,140.743820
4,0,31,184.251221,139.885529
4,0,32,184.615067,139.026917
4,0,33,184.966522,138.167740
4,0,34,185.305649,137.307770
4,0,35,185.632507,136.446777
4,0,36,185.947144,135.584518
4,0,37,186.249634,134.720764
4,0,38,186.540039,133.855270
4,0,39,186.818405,132.987823
4,0,40,187.084793,132.118164
4,0,41,187.339279,131.246078
4,0,42,187.581894,130.371338
4,0,43,187.812729,129.493683
4,0,44,188.031830,128.612900
4,0,45,188.239258,127.728745
4,0,46,188.435074,126.840996
4,0,47,188.619324,125.949402
4,0,48,188.792084,125.053741
4,0,49,188.953415,124.153786
4,0,50,189.103363,123.249283
4,0,51,189.241989,122.340012
4,0,52,189.369370,121.425735
4,0,53,189.485565,120.506226
4,0,54,189.590607,119.581238
4,0,55,189.684570,118.650543
4,0,56,189.767532,117.713913
4,0,57,189.839523,116.771103
4,0,58,189.900620,115.821892
4,0,59,189.950882,114.866035
4,0,60,189.990372,113.903297
4,0,61,190.019135,112.933456
4,0,62,190.037247,111.956268
4,0,63,190.044754,110.971504
4,0,64,190.041718,109.978928
4,0,65,190.028214,108.978310
4,0,66,190.004288,107.969414
4,0,67,189.970001,106.952003
4,0,68,189.923813,105.921021
4,0,69,189.865067,104.896881
4,0,70,189.793640,103.879318
4,0,71,189.709427,102.868080
4,0,72,189.612305,101.862892
4,0,73,189.502136,100.863495
4,0,74,189.378799,99.869637
4,0,75,189.242203,98.881042
4,0,76,189.092209,97.897461
4,0,77,188.928696,96.918625
4,0,78,188.751541,95.944267
4,0,79,188.560638,94.974136
4,0,80,188.355850,94.007965
4,0,81,188.137070,93.045494
4,0,82,187.904160,92.086464
4,0,83,187.657028,91.130600
4,0,84,187.395538,90.177658
4,0,85,187.119568,89.227356
4,0,86,186.828995,88.279449
4,0,87,186.523697,87.333672
4,0,88,186.203568,86.389763
4,0,89,185.868484,85.447449
4,0,90,185.518326,84.506485
4,0,91,185.152969,83.566597
4,0,92,184.772278,82.627525
4,0,93,184.376160,81.689011
4,0,94,183.964478,80.750793
4,0,95,183.537125,79.812607
4,0,96,183.093964,78.874191
4,0,97,182.634888,77.935287
4,0,98,182.159775,76.995628
4,0,99,181.668503,76.054947
4,0,100,181.160934,75.112999
4,0,101,180.636978,74.169510
4,0,102,180.096512,73.224220
4,0,103,179.539398,72.276863
4,0,104,178.965515,71.327187
4,0,105,178.374756,70.374924
4,0,106,177.766998,69.419815
4,0,107,177.142120,68.461594
4,0,108,176.500000,67.500000
5,0,0,176.500000,67.500000
5,0,1,175.873840,68.240204
5,0,2,175.238770,68.939865
5,0,3,174.594940,69.600143
5,0,4,173.942551,70.222198
5,0,5,173.281769,70.807198
5,0,6,172.612762,71.356293
5,0,7,171.935730,71.870651
5,0,8,171.250824,72.351433
5,0,9,170.558243,72.799797
5,0,10,169.858154,73.216911
5,0,11,169.150726,73.603928
5,0,12,168.436157,73.962013
5,0,13,167.714600,74.292328
5,0,14,166.986237,74.596031
5,0,15,166.251266,74.874290
5,0,16,165.509842,75.128258
5,0,17,164.762146,75.359100
5,0,18,164.008362,75.567986
5,0,19,163.248657,75.756058
5,0,20,162.483215,75.924492
5,0,21,161.712204,76.074440
5,0,22,160.935822,76.207077
5,0,23,160.154221,76.323547
5,0,24,159.367584,76.425018
5,0,25,158.576096,76.512657
5,0,26,157.779922,76.587624
5,0,27,156.979263,76.651070
5,0,28,156.174271,76.704170
5,0,29,155.365128,76.748077
5,0,30,154.552017,76.783951
5,0,31,153.735107,76.812950
5,0,32,152.914581,76.836250
5,0,33,152.090622,76.855003
5,0,34,151.263397,76.870361
5,0,35,150.433090,76.883507
5,0,36,149.599854,76.895584
5,0,37,148.763901,76.907753
5,0,38,147.925385,76.921188
5,0,39,147.084488,76.937042
5,0,40,146.241394,76.956482
5,0,41,145.396271,76.980659
5,0,42,144.549301,77.010742
5,0,43,143.700653,77.047882
5,0,44,142.850525,77.093262
5,0,45,141.999054,77.148018
5,0,46,141.146454,77.213333
5,0,47,140.292892,77.290352
5,0,48,139.438538,77.380241
5,0,49,138.583572,77.484161
5,0,50,137.728180,77.603279
5,0,51,136.872528,77.738754
5,0,52,136.016785,77.891739
5,0,53,135.161148,78.063400
5,0,54,134.305771,78.254906
5,0,55,133.450851,78.467407
5,0,56,132.596558,78.702072
5,0,57,131.743073,78.960052
5,0,58,130.890564,79.242523
5,0,59,130.039215,79.550636
5,0,60,129.189194,79.885551
5,0,61,128.340683,80.248436
5,0,62,127.493866,80.640450
5,0,63,126.648911,81.062752
5,0,64,125.806000,81.516502
5,0,65,124.965302,82.002861
5,0,66,124.126999,82.523003
5,0,67,123.281578,83.079323
5,0,68,122.457108,83.649078
5,0,69,121.653549,84.231949
5,0,70,120.870880,84.827599
5,0,71,120.109047,85.435715
5,0,72,119.368027,86.055962
5,0,73,118.647781,86.688019
5,0,74,117.948273,87.331558
5,0,75,117.269463,87.986259
5,0,76,116.611320,88.651794
5,0,77,115.973808,89.327827
5,0,78,115.356888,90.014053
5,0,79,114.760529,90.710129
5,0,80,114.184692,91.415733
5,0,81,113.629349,92.130547
5,0,82,113.094444,92.854233
5,0,83,112.579964,93.586479
5,0,84,112.085861,94.326950
5,0,85,111.612099,95.075325
5,0,86,111.158646,95.831276
5,0,87,110.725471,96.594475
5,0,88,110.312523,97.364609
5,0,89,109.919785,98.141335
5,0,90,109.547203,98.924339
5,0,91,109.194756,99.713295
5,0,92,108.862404,100.507874
5,0,93,108.550102,101.307747
5,0,94,108.257828,102.112602
5,0,95,107.985535,102.922096
5,0,96,107.733192,103.735916
5,0,97,107.500771,104.553726
5,0,98,107.288223,105.375214
5,0,99,107.095512,106.200043
5,0,100,106.922615,107.027893
5,0,101,106.769493,107.858437
5,0,102,106.636101,108.691353
5,0,103,106.522408,109.526306
5,0,104,106.428375,110.362984
5,0,105,106.353973,111.201050
5,0,106,106.299164,112.040176
5,0,107,106.263916,112.880051
5,0,108,106.248184,113.720337
5,0,109,106.251938,114.560715
5,0,110,106.275139,115.400864
5,0,111,106.317757,116.240440
5,0,112,106.379745,117.079140
5,0,113,106.461082,117.916618
5,0,114,106.561722,118.752563
5,0,115,106.681633,119.586647
5,0,116,106.820778,120.418541
5,0,117,106.979118,121.247917
5,0,118,107.156624,122.074455
5,0,119,107.353256,122.897827
5,0,120,107.568985,123.717705
5,0,121,107.803764,124.533775
5,0,122,108.057564,125.345695
5,0,123,108.330345,126.153152
5,0,124,108.622078,126.955818
5,0,125,108.932716,127.753357
5,0,126,109.262238,128.545456
5,0,127,109.610596,129.331787
5,0,128,109.977760,130.112030
5,0,129,110.363693,130.885834
5,0,130,110.768356,131.652908
5,0,131,111.191719,132.412903
5,0,132,111.633751,133.165497
5,0,133,112.094398,133.910370
5,0,134,112.573639,134.647202
5,0,135,113.071434,135.375656
5,0,136,113.587753,136.095413
5,0,137,114.122543,136.806137
5,0,138,114.675789,137.507507
5,0,139,115.247444,138.199219
5,0,140,115.837471,138.880920
5,0,141,116.445847,139.552292
5,0,142,117.072517,140.213013
5,0,143,117.717461,140.862747
5,0,144,118.380630,141.501190
5,0,145,119.061996,142.128006
5,0,146,119.768021,142.742859
5,0,147,120.488121,143.331467
5,0,148,121.221741,143.894867
5,0,149,121.968307,144.434097
5,0,150,122.727264,144.950241
5,0,151,123.498047,145.444305
5,0,152,124.280075,145.917374
5,0,153,125.072807,146.370499
5,0,154,125.875664,146.804703
5,0,155,126.688080,147.221054
5,0,156,127.509499,147.620605
5,0,157,128.339355,148.004410
5,0,158,129.177063,148.373505
5,0,159,130.022095,148.728958
5,0,160,130.873856,149.071808
5,0,161,131.731812,149.403107
5,0,162,132.595352,149.723907
5,0,163,133.463959,150.035263
5,0,164,134.337036,150.338211
5,0,165,135.214035,150.633835
5,0,166,136.094391,150.923141
5,0,167,136.977524,151.207214
5,0,168,137.862885,151.487091
5,0,169,138.749908,151.763824
5,0,170,139.638016,152.038467
5,0,171,140.526657,152.312073
5,0,172,141.415268,152.585678
5,0,173,142.303284,152.860352
5,0,174,143.190125,153.137131
5,0,175,144.075241,153.417068
5,0,176,144.958054,153.701218
5,0,177,145.838028,153.990631
5,0,178,146.714569,154.286362
5,0,179,147.587112,154.589462
5,0,180,148.455109,154.900970
5,0,181,149.317993,155.221939
5,0,182,150.175201,155.553436
5,0,183,151.026154,155.896500
5,0,184,151.870300,156.252167
5,0,185,152.707062,156.621521
5,0,186,153.535889,157.005585
5,0,187,154.356216,157.405426
5,0,188,155.167465,157.822083
5,0,189,155.969086,158.256607
5,0,190,156.760513,158.710068
5,0,191,157.541168,159.183487
5,0,192,158.310501,159.677933
5,0,193,159.067932,160.194458
5,0,194,159.812912,160.734116
5,0,195,160.544876,161.297943
5,0,196,161.263245,161.886993
5,0,197,161.967468,162.502335
5,0,198,162.656967,163.144989
5,0,199,163.331192,163.816025
5,0,200,163.989578,164.516495
5,0,201,164.631546,165.247452
5,0,202,165.256546,166.009933
5,0,203,165.863998,166.804993
5,0,204,166.500000,167.501000
6,0,0,13.245000,227.755005
6,0,1,13.163929,226.753632
6,0,2,13.082984,225.752167
6,0,3,13.002168,224.750626
6,0,4,12.921480,223.748993
6,0,5,12.840924,222.747284
6,0,6,12.760502,221.745499
6,0,7,12.680214,220.743637
6,0,8,12.600063,219.741684
6,0,9,12.520050,218.739655
6,0,10,12.440178,217.737549
6,0,11,12.360448,216.735367
6,0,12,12.280862,215.733109
6,0,13,12.201421,214.730759
6,0,14,12.122128,213.728348
6,0,15,12.042983,212.725861
6,0,16,11.963989,211.723297
6,0,17,11.885149,210.720642
6,0,18,11.806462,209.717941
6,0,19,11.727933,208.715149
6,0,20,11.649561,207.712280
6,0,21,11.571348,206.709351
6,0,22,11.493298,205.706345
6,0,23,11.415410,204.703278
6,0,24,11.337687,203.700134
6,0,25,11.260132,202.696915
6,0,26,11.182745,201.693634
6,0,27,11.105528,200.690277
6,0,28,11.028483,199.686859
6,0,29,10.951613,198.683380
6,0,30,10.874918,197.679825
6,0,31,10.798401,196.676208
6,0,32,10.722063,195.672531
6,0,33,10.645905,194.668777
6,0,34,10.569931,193.664963
6,0,35,10.494142,192.661087
6,0,36,10.418538,191.657150
6,0,37,10.343122,190.653152
6,0,38,10.267898,189.649094
6,0,39,10.192863,188.644974
6,0,40,10.118023,187.640793
6,0,41,10.043378,186.636551
6,0,42,9.968929,185.632248
6,0,43,9.894680,184.627899
6,0,44,9.820631,183.623474
6,0,45,9.746784,182.619003
6,0,46,9.673141,181.614487
6,0,47,9.599705,180.609894
6,0,48,9.526475,179.605255
6,0,49,9.453455,178.600555
6,0,50,9.380646,177.595810
6,0,51,9.308050,176.591003
6,0,52,9.235669,175.586151
6,0,53,9.163504,174.581253
6,0,54,9.091558,173.576294
6,0,55,9.019831,172.571289
6,0,56,8.948326,171.566223
6,0,57,8.877045,170.561111
6,0,58,8.805988,169.555954
6,0,59,8.735159,168.550751
6,0,60,8.664559,167.545502
6,0,61,8.594190,166.540207
6,0,62,8.524053,165.534851
6,0,63,8.454149,164.529465
6,0,64,8.384482,163.524033
6,0,65,8.315053,162.518539
6,0,66,8.245863,161.513016
6,0,67,8.176914,160.507446
6,0,68,8.108209,159.501831
6,0,69,8.039748,158.496185
6,0,70,7.971533,157.490479
6,0,71,7.903567,156.484756
6,0,72,7.835852,155.478973
6,0,73,7.768388,154.473160
6,0,74,7.701177,153.467300
6,0,75,7.634222,152.461411
6,0,76,7.567524,151.455475
6,0,77,7.501086,150.449509
6,0,78,7.434907,149.443497
6,0,79,7.368992,148.437454
6,0,80,7.303340,147.431381
6,0,81,7.237955,146.425278
6,0,82,7.172838,145.419128
6,0,83,7.107990,144.412949
6,0,84,7.043414,143.406738
6,0,85,6.979110,142.400497
6,0,86,6.915082,141.394226
6,0,87,6.851330,140.387924
6,0,88,6.787857,139.381577
6,0,89,6.724663,138.375214
6,0,90,6.661752,137.368820
6,0,91,6.599124,136.362396
6,0,92,6.536783,135.355957
6,0,93,6.474728,134.349472
6,0,94,6.412962,133.342972
6,0,95,6.351488,132.336441
6,0,96,6.290306,131.329880
6,0,97,6.229418,130.323303
6,0,98,6.168827,129.316696
6,0,99,6.108533,128.310074
6,0,100,6.048539,127.303421
6,0,101,5.988847,126.296753
6,0,102,5.929458,125.290054
6,0,103,5.870373,124.283340
6,0,104,5.811596,123.276604
6,0,105,5.753127,122.269852
6,0,106,5.694969,121.263077
6,0,107,5.637122,120.256287
6,0,108,5.579590,119.249474
6,0,109,5.522373,118.242645
6,0,110,5.465473,117.235802
6,0,111,5.408893,116.228943
6,0,112,5.352634,115.222069
6,0,113,5.296697,114.215179
6,0,114,5.241085,113.208275
6,0,115,5.185799,112.201355
6,0,116,5.130841,111.194427
6,0,117,5.076213,110.187485
6,0,118,5.021917,109.180527
6,0,119,4.967954,108.173561
6,0,120,4.914326,107.166588
6,0,121,4.861035,106.159607
6,0,122,4.808083,105.152611
6,0,123,4.755471,104.145607
6,0,124,4.703201,103.138596
6,0,125,4.651276,102.131577
6,0,126,4.599696,101.124550
6,0,127,4.548463,100.117523
6,0,128,4.497581,99.110489
6,0,129,4.447048,98.103447
6,0,130,4.396869,97.096397
6,0,131,4.347044,96.089355
6,0,132,4.297576,95.082298
6,0,133,4.248466,94.075249
6,0,134,4.199717,93.068192
6,0,135,4.151328,92.061134
6,0,136,4.103303,91.054077
6,0,137,4.055644,90.047020
6,0,138,4.008351,89.039970
6,0,139,3.961427,88.032913
6,0,140,3.914874,87.025864
6,0,141,3.868693,86.018814
6,0,142,3.822886,85.011765
6,0,143,3.777455,84.004723
6,0,144,3.732401,82.997688
6,0,145,3.687727,81.990654
6,0,146,3.643435,80.983627
6,0,147,3.599525,79.976608
6,0,148,3.556000,78.969597
6,0,149,3.512861,77.962593
6,0,150,3.470111,76.955589
6,0,151,3.427751,75.948601
6,0,152,3.385782,74.941628
6,0,153,3.344208,73.934654
6,0,154,3.303028,72.927704
6,0,155,3.262246,71.920753
6,0,156,3.221862,70.913818
6,0,157,3.181880,69.906898
6,0,158,3.142299,68.899994
6,0,159,3.103123,67.893097
6,0,160,3.064353,66.886215
6,0,161,3.025991,65.879349
6,0,162,2.988038,64.872505
6,0,163,2.950496,63.865669
6,0,164,2.913368,62.858856
6,0,165,2.876654,61.852058
6,0,166,2.840357,60.845280
6,0,167,2.804479,59.838516
6,0,168,2.769020,58.831776
6,0,169,2.733984,57.825054
6,0,170,2.699371,56.818356
6,0,171,2.665184,55.811676
6,0,172,2.631423,54.805019
6,0,173,2.598092,53.798386
6,0,174,2.565192,52.791775
6,0,175,2.532724,51.785187
6,0,176,2.500691,50.778625
6,0,177,2.469094,49.772087
6,0,178,2.437934,48.765575
6,0,179,2.407214,47.759090
6,0,180,2.376936,46.752632
6,0,181,2.347101,45.746201
6,0,182,2.317711,44.739799
6,0,183,2.288767,43.733425
6,0,184,2.260272,42.727081
6,0,185,2.232227,41.720764
6,0,186,2.204635,40.714481
6,0,187,2.177496,39.708229
6,0,188,2.150813,38.702011
6,0,189,2.124587,37.695824
6,0,190,2.098820,36.689667
6,0,191,2.073514,35.683548
6,0,192,2.048671,34.677460
6,0,193,2.024292,33.671410
6,0,194,2.000380,32.665394
6,0,195,1.976935,31.659414
6,0,196,1.953960,30.653471
6,0,197,1.931457,29.647566
6,0,198,1.909427,28.641701
6,0,199,1.887872,27.635872
6,0,200,1.866794,26.630083
6,0,201,1.846195,25.624334
6,0,202,1.826076,24.618628
6,0,203,1.806439,23.612961
6,0,204,1.787286,22.607336
6,0,205,1.768619,21.601755
6,0,206,1.750439,20.596216
6,0,207,1.732749,19.590719
6,0,208,1.715549,18.585270
6,0,209,1.698842,17.579865
6,0,210,1.682630,16.574503
6,0,211,1.666914,15.569189
6,0,212,1.651697,14.563923
6,0,213,1.636979,13.558703
6,0,214,1.622763,12.553532
6,0,215,1.609050,11.548409
6,0,216,1.595842,10.543336
6,0,217,1.583142,9.538312
6,0,218,1.570950,8.533340
6,0,219,1.559268,7.528418
6,0,220,1.548099,6.523549
6,0,221,1.537444,5.518732
6,0,222,1.527305,4.513968
6,0,223,1.517683,3.509257
6,0,224,1.508581,2.504601
6,0,225,1.500000,1.500000
7,0,0,224.647003,215.679993
7,0,1,223.651840,215.890076
7,0,2,222.656357,216.098312
7,0,3,221.660538,216.304718
7,0,4,220.664398,216.509323
7,0,5,219.667923,216.712112
7,0,6,218.671143,216.913132
7,0,7,217.674042,217.112396
7,0,8,216.676636,217.309906
7,0,9,215.678925,217.505707
7,0,10,214.680893,217.699783
7,0,11,213.682571,217.892166
7,0,12,212.683945,218.082870
7,0,13,211.685028,218.271912
7,0,14,210.685822,218.459320
7,0,15,209.686325,218.645096
7,0,16,208.686554,218.829269
7,0,17,207.686493,219.011841
7,0,18,206.686157,219.192841
7,0,19,205.685547,219.372284
7,0,20,204.684662,219.550186
7,0,21,203.683517,219.726562
7,0,22,202.682098,219.901428
7,0,23,201.680420,220.074814
7,0,24,200.678482,220.246704
7,0,25,199.676300,220.417160
7,0,26,198.673874,220.586151
7,0,27,197.671188,220.753738
7,0,28,196.668259,220.919907
7,0,29,195.665085,221.084702
7,0,30,194.661682,221.248108
7,0,31,193.658051,221.410156
7,0,32,192.654175,221.570877
7,0,33,191.650085,221.730270
7,0,34,190.645767,221.888351
7,0,35,189.641235,222.045151
7,0,36,188.636475,222.200684
7,0,37,187.631500,222.354950
7,0,38,186.626328,222.507980
7,0,39,185.620941,222.659805
7,0,40,184.615356,222.810410
7,0,41,183.609573,222.959824
7,0,42,182.603592,223.108078
7,0,43,181.597412,223.255173
7,0,44,180.591049,223.401138
7,0,45,179.584503,223.545975
7,0,46,178.577759,223.689713
7,0,47,177.570847,223.832367
7,0,48,176.563766,223.973953
7,0,49,175.556503,224.114471
7,0,50,174.549072,224.253967
7,0,51,173.541473,224.392441
7,0,52,172.533722,224.529922
7,0,53,171.525803,224.666412
7,0,54,170.517731,224.801926
7,0,55,169.509506,224.936493
7,0,56,168.501129,225.070129
7,0,57,167.492599,225.202850
7,0,58,166.483948,225.334671
7,0,59,165.475143,225.465607
7,0,60,164.466217,225.595673
7,0,61,163.457138,225.724899
7,0,62,162.447952,225.853271
7,0,63,161.438629,225.980850
7,0,64,160.429184,226.107620
7,0,65,159.419632,226.233597
7,0,66,158.409958,226.358826
7,0,67,157.400162,226.483292
7,0,68,156.390274,226.607040
7,0,69,155.380264,226.730072
7,0,70,154.370178,226.852402
7,0,71,153.359970,226.974045
7,0,72,152.349686,227.095032
7,0,73,151.339294,227.215363
7,0,74,150.328827,227.335068
7,0,75,149.318268,227.454163
7,0,76,148.307632,227.572662
7,0,77,147.296921,227.690567
7,0,78,146.286133,227.807922
7,0,79,145.275269,227.924728
7,0,80,144.264343,228.041016
7,0,81,143.253342,228.156769
7,0,82,142.242294,228.272049
7,0,83,141.231186,228.386841
7,0,84,140.220032,228.501160
7,0,85,139.208817,228.615051
7,0,86,138.197556,228.728516
7,0,87,137.186249,228.841553
7,0,88,136.174911,228.954208
7,0,89,135.163528,229.066483
7,0,90,134.152115,229.178391
7,0,91,133.140671,229.289963
7,0,92,132.129196,229.401215
7,0,93,131.117691,229.512146
7,0,94,130.106186,229.622787
7,0,95,129.094650,229.733154
7,0,96,128.083099,229.843262
7,0,97,127.071548,229.953125
7,0,98,126.059990,230.062759
7,0,99,125.048431,230.172195
7,0,100,124.036865,230.281433
7,0,101,123.025307,230.390503
7,0,102,122.013756,230.499405
7,0,103,121.002213,230.608170
7,0,104,119.990685,230.716812
7,0,105,118.979172,230.825348
7,0,106,117.967682,230.933792
7,0,107,116.956215,231.042160
7,0,108,115.944778,231.150482
7,0,109,114.933372,231.258743
7,0,110,113.921997,231.367004
7,0,111,112.890984,231.477295
7,0,112,111.859787,231.587341
7,0,113,110.828430,231.696930
7,0,114,109.796898,231.805786
7,0,115,108.765190,231.913681
7,0,116,107.733307,232.020355
7,0,117,106.701256,232.125580
7,0,118,105.669022,232.229111
7,0,119,104.636604,232.330704
7,0,120,103.604012,232.430099
7,0,121,102.571243,232.527069
7,0,122,101.538292,232.621353
7,0,123,100.505150,232.712723
7,0,124,99.471832,232.800919
7,0,125,98.438324,232.885712
7,0,126,97.404633,232.966843
7,0,127,96.370750,233.044083
7,0,128,95.336678,233.117172
7,0,129,94.302414,233.185867
7,0,130,93.267967,233.249939
7,0,131,92.233322,233.309143
7,0,132,91.198479,233.363205
7,0,133,90.163445,233.411911
7,0,134,89.128212,233.455002
7,0,135,88.092789,233.492233
7,0,136,87.057159,233.523376
7,0,137,86.021332,233.548172
7,0,138,84.985306,233.566376
7,0,139,83.949074,233.577744
7,0,140,82.912636,233.582031
7,0,141,81.875999,233.578995
7,0,142,80.822502,233.568268
7,0,143,79.769264,233.550064
7,0,144,78.716270,233.524689
7,0,145,77.663528,233.492477
7,0,146,76.611023,233.453766
7,0,147,75.558746,233.408859
7,0,148,74.506706,233.358109
7,0,149,73.454887,233.301819
7,0,150,72.403290,233.240326
7,0,151,71.351906,233.173950
7,0,152,70.300728,233.103027
7,0,153,69.249748,233.027878
7,0,154,68.198975,232.948822
7,0,155,67.148392,232.866196
7,0,156,66.097992,232.780319
7,0,157,65.047775,232.691513
7,0,158,63.997742,232.600128
7,0,159,62.947876,232.506454
7,0,160,61.898178,232.410843
7,0,161,60.848640,232.313614
7,0,162,59.799259,232.215073
7,0,163,58.750027,232.115585
7,0,164,57.700943,232.015457
7,0,165,56.652000,231.914993
7,0,166,55.618500,231.815933
7,0,167,54.584999,231.716858
7,0,168,53.551498,231.617783
7,0,169,52.518002,231.518723
7,0,170,51.484501,231.419647
7,0,171,50.451000,231.320572
7,0,172,49.417500,231.221512
7,0,173,48.383999,231.122437
7,0,174,47.350498,231.023361
7,0,175,46.317001,230.924301
7,0,176,45.283501,230.825226
7,0,177,44.250000,230.726166
7,0,178,43.216499,230.627106
7,0,179,42.182999,230.528030
7,0,180,41.149502,230.428970
7,0,181,40.116001,230.329910
7,0,182,39.082500,230.230850
7,0,183,38.049000,230.131790
7,0,184,37.015499,230.032730
7,0,185,35.981998,229.933685
7,0,186,34.948502,229.834625
7,0,187,33.915001,229.735565
7,0,188,32.881500,229.636520
7,0,189,31.848000,229.537476
7,0,190,30.814501,229.438431
7,0,191,29.781000,229.339386
7,0,192,28.747499,229.240341
7,0,193,27.714001,229.141296
7,0,194,26.680500,229.042252
7,0,195,25.646999,228.943222
7,0,196,24.613501,228.844193
7,0,197,23.580000,228.745163
7,0,198,22.546499,228.646133
7,0,199,21.513000,228.547104
7,0,200,20.479500,228.448074
7,0,201,19.445999,228.349060
7,0,202,18.412500,228.250046
7,0,203,17.379000,228.151031
7,0,204,16.345501,228.052017
7,0,205,15.312000,227.953003
7,0,206,14.278500,227.854004
7,0,207,13.245000,227.755005
8,0,0,216.776993,2.107000
8,0,1,216.978302,3.087925
8,0,2,217.177292,4.069149
8,0,3,217.373993,5.050667
8,0,4,217.568405,6.032480
8,0,5,217.760529,7.014585
8,0,6,217.950409,7.996980
8,0,7,218.138031,8.979663
8,0,8,218.323395,9.962632
8,0,9,218.506546,10.945886
8,0,10,218.687469,11.929421
8,0,11,218.866180,12.913237
8,0,12,219.042679,13.897331
8,0,13,219.217010,14.881702
8,0,14,219.389145,15.866347
8,0,15,219.559128,16.851265
8,0,16,219.726944,17.836452
8,0,17,219.892624,18.821911
8,0,18,220.056168,19.807634
8,0,19,220.217575,20.793623
8,0,20,220.376877,21.779873
8,0,21,220.534088,22.766386
8,0,22,220.689194,23.753157
8,0,23,220.842224,24.740185
8,0,24,220.993179,25.727468
8,0,25,221.142075,26.715004
8,0,26,221.288925,27.702791
8,0,27,221.433746,28.690826
8,0,28,221.576523,29.679111
8,0,29,221.717300,30.667641
8,0,30,221.856064,31.656412
8,0,31,221.992828,32.645428
8,0,32,222.127609,33.634678
8,0,33,222.260422,34.624168
8,0,34,222.391281,35.613895
8,0,35,222.520172,36.603855
8,0,36,222.647141,37.594048
8,0,37,222.772171,38.584469
8,0,38,222.895279,39.575119
8,0,39,223.016479,40.565994
8,0,40,223.135788,41.557091
8,0,41,223.253204,42.548412
8,0,42,223.368744,43.539955
8,0,43,223.482422,44.531712
8,0,44,223.594238,45.523689
8,0,45,223.704224,46.515877
8,0,46,223.812363,47.508278
8,0,47,223.918686,48.500893
8,0,48,224.023209,49.493710
8,0,49,224.125916,50.486736
8,0,50,224.226837,51.479969
8,0,51,224.325989,52.473404
8,0,52,224.423370,53.467037
8,0,53,224.518982,54.460869
8,0,54,224.612854,55.454899
8,0,55,224.705002,56.449123
8,0,56,224.795410,57.443539
8,0,57,224.884109,58.438148
8,0,58,224.971115,59.432945
8,0,59,225.056412,60.427929
8,0,60,225.140030,61.423096
8,0,61,225.221985,62.418449
8,0,62,225.302277,63.413982
8,0,63,225.380920,64.409691
8,0,64,225.457932,65.405579
8,0,65,225.533310,66.401649
8,0,66,225.607071,67.397888
8,0,67,225.679214,68.394295
8,0,68,225.749771,69.390869
8,0,69,225.818756,70.387619
8,0,70,225.886154,71.384529
8,0,71,225.951996,72.381607
8,0,72,226.016281,73.378845
8,0,73,226.079025,74.376236
8,0,74,226.140244,75.373795
8,0,75,226.199936,76.371506
8,0,76,226.258118,77.369370
8,0,77,226.314804,78.367386
8,0,78,226.370010,79.365547
8,0,79,226.423737,80.363861
8,0,80,226.475983,81.362328
8,0,81,226.526794,82.360931
8,0,82,226.576157,83.359680
8,0,83,226.624084,84.358566
8,0,84,226.670578,85.357590
8,0,85,226.715668,86.356750
8,0,86,226.759369,87.356049
8,0,87,226.801666,88.355476
8,0,88,226.842590,89.355034
8,0,89,226.882141,90.354721
8,0,90,226.920334,91.354538
8,0,91,226.957184,92.354477
8,0,92,226.992691,93.354538
8,0,93,227.026886,94.354721
8,0,94,227.059753,95.355019
8,0,95,227.091324,96.355438
8,0,96,227.121597,97.355972
8,0,97,227.150589,98.356621
8,0,98,227.178314,99.357376
8,0,99,227.204773,100.358246
8,0,100,227.229980,101.359222
8,0,101,227.253952,102.360298
8,0,102,227.276703,103.361481
8,0,103,227.298233,104.362762
8,0,104,227.318542,105.364151
8,0,105,227.337677,106.365631
8,0,106,227.355606,107.367203
8,0,107,227.372375,108.368874
8,0,108,227.387970,109.370636
8,0,109,227.402420,110.372490
8,0,110,227.415726,111.374428
8,0,111,227.427902,112.376450
8,0,112,227.438965,113.378563
8,0,113,227.448914,114.380753
8,0,114,227.457748,115.383018
8,0,115,227.465515,116.385368
8,0,116,227.472198,117.387794
8,0,117,227.477814,118.390297
8,0,118,227.482376,119.392868
8,0,119,227.485886,120.395508
8,0,120,227.488373,121.398216
8,0,121,227.489822,122.400993
8,0,122,227.490265,123.403831
8,0,123,227.489716,124.406738
8,0,124,227.488174,125.409698
8,0,125,227.485641,126.412720
8,0,126,227.482147,127.415802
8,0,127,227.477692,128.418930
8,0,128,227.472290,129.422119
8,0,129,227.465942,130.425354
8,0,130,227.458679,131.428635
8,0,131,227.450500,132.431976
8,0,132,227.441422,133.435349
8,0,133,227.431442,134.438766
8,0,134,227.420578,135.442230
8,0,135,227.408844,136.445740
8,0,136,227.396255,137.449280
8,0,137,227.382812,138.452850
8,0,138,227.368515,139.456451
8,0,139,227.353409,140.460098
8,0,140,227.337479,141.463760
8,0,141,227.320740,142.467453
8,0,142,227.303207,143.471176
8,0,143,227.284882,144.474915
8,0,144,227.265778,145.478683
8,0,145,227.245926,146.482468
8,0,146,227.225311,147.486267
8,0,147,227.203949,148.490082
8,0,148,227.181870,149.493927
8,0,149,227.159058,150.497772
8,0,150,227.135544,151.501617
8,0,151,227.111313,152.505478
8,0,152,227.086411,153.509354
8,0,153,227.060822,154.513229
8,0,154,227.034576,155.517105
8,0,155,227.007660,156.520981
8,0,156,226.980118,157.524841
8,0,157,226.951920,158.528717
8,0,158,226.923111,159.532578
8,0,159,226.893692,160.536438
8,0,160,226.863663,161.540283
8,0,161,226.833038,162.544113
8,0,162,226.801834,163.547943
8,0,163,226.770065,164.551743
8,0,164,226.737747,165.555542
8,0,165,226.704865,166.559311
8,0,166,226.671448,167.563065
8,0,167,226.637512,168.566788
8,0,168,226.603058,169.570480
8,0,169,226.568085,170.574158
8,0,170,226.532639,171.577805
8,0,171,226.496689,172.581421
8,0,172,226.460281,173.584991
8,0,173,226.423401,174.588547
8,0,174,226.386078,175.592056
8,0,175,226.348312,176.595520
8,0,176,226.310120,177.598953
8,0,177,226.271500,178.602341
8,0,178,226.232483,179.605682
8,0,179,226.193054,180.608978
8,0,180,226.153259,181.612228
8,0,181,226.113068,182.615433
8,0,182,226.072525,183.618576
8,0,183,226.031631,184.621674
8,0,184,225.990387,185.624710
8,0,185,225.948807,186.627686
8,0,186,225.906906,187.630600
8,0,187,225.864700,188.633453
8,0,188,225.822189,189.636246
8,0,189,225.779388,190.638977
8,0,190,225.736313,191.641632
8,0,191,225.692978,192.644211
8,0,192,225.649368,193.646729
8,0,193,225.605530,194.649170
8,0,194,225.561447,195.651535
8,0,195,225.517136,196.653824
8,0,196,225.472610,197.656036
8,0,197,225.427887,198.658173
8,0,198,225.382980,199.660217
8,0,199,225.337875,200.662170
8,0,200,225.292603,201.664047
8,0,201,225.247177,202.665833
8,0,202,225.201599,203.667526
8,0,203,225.155884,204.669113
8,0,204,225.110046,205.670624
8,0,205,225.064087,206.672028
8,0,206,225.018021,207.673340
8,0,207,224.971863,208.674545
8,0,208,224.925629,209.675644
8,0,209,224.879303,210.676651
8,0,210,224.832932,211.677536
8,0,211,224.786499,212.678314
8,0,212,224.740021,213.679001
8,0,213,224.693527,214.679550
8,0,214,224.647003,215.679993
9,0,0,1.562000,1.876000
9,0,1,2.567687,1.877079
9,0,2,3.573374,1.878159
9,0,3,4.579060,1.879238
9,0,4,5.584747,1.880318
9,0,5,6.590433,1.881397
9,0,6,7.596119,1.882477
9,0,7,8.601806,1.883556
9,0,8,9.607491,1.884636
9,0,9,10.613177,1.885715
9,0,10,11.618863,1.886794
9,0,11,12.624548,1.887874
9,0,12,13.630234,1.888953
9,0,13,14.635920,1.890033
9,0,14,15.641604,1.891112
9,0,15,16.647289,1.892192
9,0,16,17.652975,1.893271
9,0,17,18.658659,1.894350
9,0,18,19.664345,1.895430
9,0,19,20.670029,1.896509
9,0,20,21.675714,1.897589
9,0,21,22.681398,1.898668
9,0,22,23.687082,1.899748
9,0,23,24.692766,1.900827
9,0,24,25.698452,1.901906
9,0,25,26.704136,1.902986
9,0,26,27.709820,1.904065
9,0,27,28.715504,1.905145
9,0,28,29.721188,1.906224
9,0,29,30.726870,1.907304
9,0,30,31.732553,1.908383
9,0,31,32.738239,1.909463
9,0,32,33.743919,1.910542
9,0,33,34.749603,1.911621
9,0,34,35.755287,1.912701
9,0,35,36.760971,1.913780
9,0,36,37.766655,1.914860
9,0,37,38.772335,1.915939
9,0,38,39.778019,1.917019
9,0,39,40.783703,1.918098
9,0,40,41.789387,1.919178
9,0,41,42.795067,1.920257
9,0,42,43.800751,1.921336
9,0,43,44.806431,1.922416
9,0,44,45.812115,1.923495
9,0,45,46.817799,1.924575
9,0,46,47.823479,1.925654
9,0,47,48.829163,1.926734
9,0,48,49.834843,1.927813
9,0,49,50.840527,1.928892
9,0,50,51.846207,1.929972
9,0,51,52.851891,1.931051
9,0,52,53.857571,1.932131
9,0,53,54.863255,1.933210
9,0,54,55.868935,1.934290
9,0,55,56.874615,1.935369
9,0,56,57.880299,1.936449
9,0,57,58.885979,1.937528
9,0,58,59.891659,1.938607
9,0,59,60.897343,1.939687
9,0,60,61.903023,1.940766
9,0,61,62.908703,1.941846
9,0,62,63.914387,1.942925
9,0,63,64.920067,1.944005
9,0,64,65.925751,1.945084
9,0,65,66.931427,1.946164
9,0,66,67.937111,1.947243
9,0,67,68.942787,1.948322
9,0,68,69.948471,1.949402
9,0,69,70.954155,1.950481
9,0,70,71.959831,1.951561
9,0,71,72.965515,1.952640
9,0,72,73.971191,1.953720
9,0,73,74.976875,1.954799
9,0,74,75.982559,1.955878
9,0,75,76.988235,1.956958
9,0,76,77.993919,1.958037
9,0,77,78.999596,1.959117
9,0,78,80.005280,1.960196
9,0,79,81.010956,1.961276
9,0,80,82.016640,1.962355
9,0,81,83.022316,1.963435
9,0,82,84.028000,1.964514
9,0,83,85.033676,1.965593
9,0,84,86.039360,1.966673
9,0,85,87.045036,1.967752
9,0,86,88.050720,1.968832
9,0,87,89.056396,1.969911
9,0,88,90.062080,1.970991
9,0,89,91.067764,1.972070
9,0,90,92.073441,1.973150
9,0,91,93.079124,1.974229
9,0,92,94.084801,1.975308
9,0,93,95.090477,1.976388
9,0,94,96.096161,1.977467
9,0,95,97.101837,1.978547
9,0,96,98.107521,1.979626
9,0,97,99.113197,1.980706
9,0,98,100.118881,1.981785
9,0,99,101.124557,1.982864
9,0,100,102.130241,1.983944
9,0,101,103.135918,1.985023
9,0,102,104.141602,1.986103
9,0,103,105.147278,1.987182
9,0,104,106.152962,1.988262
9,0,105,107.158638,1.989341
9,0,106,108.164322,1.990421
9,0,107,109.169998,1.991500
9,0,108,110.175682,1.992579
9,0,109,111.181358,1.993659
9,0,110,112.187042,1.994738
9,0,111,113.192719,1.995818
9,0,112,114.198402,1.996897
9,0,113,115.204079,1.997977
9,0,114,116.209763,1.999056
9,0,115,117.215439,2.000135
9,0,116,118.221123,2.001215
9,0,117,119.226799,2.002294
9,0,118,120.232483,2.003374
9,0,119,121.238159,2.004453
9,0,120,122.243835,2.005533
9,0,121,123.249519,2.006612
9,0,122,124.255196,2.007692
9,0,123,125.260880,2.008771
9,0,124,126.266556,2.009851
9,0,125,127.272240,2.010930
9,0,126,128.277924,2.012009
9,0,127,129.283600,2.013089
9,0,128,130.289276,2.014168
9,0,129,131.294968,2.015248
9,0,130,132.300644,2.016327
9,0,131,133.306320,2.017406
9,0,132,134.311996,2.018486
9,0,133,135.317688,2.019565
9,0,134,136.323364,2.020645
9,0,135,137.329041,2.021724
9,0,136,138.334717,2.022804
9,0,137,139.340408,2.023883
9,0,138,140.346085,2.024963
9,0,139,141.351761,2.026042
9,0,140,142.357437,2.027122
9,0,141,143.363129,2.028201
9,0,142,144.368805,2.029280
9,0,143,145.374481,2.030360
9,0,144,146.380173,2.031439
9,0,145,147.385849,2.032519
9,0,146,148.391525,2.033598
9,0,147,149.397217,2.034678
9,0,148,150.402893,2.035757
9,0,149,151.408569,2.036836
9,0,150,152.414246,2.037916
9,0,151,153.419937,2.038995
9,0,152,154.425613,2.040075
9,0,153,155.431290,2.041154
9,0,154,156.436981,2.042234
9,0,155,157.442657,2.043313
9,0,156,158.448334,2.044393
9,0,157,159.454025,2.045472
9,0,158,160.459702,2.046551
9,0,159,161.465378,2.047631
9,0,160,162.471069,2.048710
9,0,161,163.476746,2.049790
9,0,162,164.482422,2.050869
9,0,163,165.488113,2.051949
9,0,164,166.493790,2.053028
9,0,165,167.499481,2.054107
9,0,166,168.505157,2.055187
9,0,167,169.510834,2.056266
9,0,168,170.516525,2.057346
9,0,169,171.522202,2.058425
9,0,170,172.527878,2.059505
9,0,171,173.533569,2.060584
9,0,172,174.539246,2.061664
9,0,173,175.544937,2.062743
9,0,174,176.550613,2.063823
9,0,175,177.556305,2.064902
9,0,176,178.561981,2.065981
9,0,177,179.567657,2.067061
9,0,178,180.573349,2.068140
9,0,179,181.579025,2.069220
9,0,180,182.584717,2.070299
9,0,181,183.590393,2.071378
9,0,182,184.596085,2.072458
9,0,183,185.601761,2.073537
9,0,184,186.607452,2.074617
9,0,185,187.613129,2.075696
9,0,186,188.618820,2.076776
9,0,187,189.624496,2.077855
9,0,188,190.630188,2.078935
9,0,189,191.635864,2.080014
9,0,190,192.641556,2.081094
9,0,191,193.647232,2.082173
9,0,192,194.652924,2.083252
9,0,193,195.658600,2.084332
9,0,194,196.664291,2.085411
9,0,195,197.669968,2.086491
9,0,196,198.675659,2.087570
9,0,197,199.681335,2.088650
9,0,198,200.687027,2.089729
9,0,199,201.692703,2.090808
9,0,200,202.698395,2.091888
9,0,201,203.704086,2.092967
9,0,202,204.709763,2.094047
9,0,203,205.715454,2.095126
9,0,204,206.721130,2.096206
9,0,205,207.726822,2.097285
9,0,206,208.732513,2.098365
9,0,207,209.738190,2.099444
9,0,208,210.743881,2.100523
9,0,209,211.749573,2.101603
9,0,210,212.755249,2.102682
9,0,211,213.760941,2.103762
9,0,212,214.766632,2.104841
9,0,213,215.772308,2.105921
9,0,214,216.778000,2.107000
